[{
  "_id": 1,
  "name": "salt",
  "calories": 0
},{
  "_id": 2,
  "name": "pepper",
  "calories": 0
},{
  "_id": 3,
  "name": "olive oil",
  "calories": 9
},{
  "_id": 4,
  "name": "tomatoes",
  "calories": 0.18
},{
  "_id": 5,
  "name": "spinach",
  "calories": 0.23
},{
  "_id": 6,
  "name": "cheddar cheese",
  "calories": 4
},{
  "_id": 7,
  "name": "bread (white)",
  "calories": 3
},{
  "_id": 8,
  "name": "eggs",
  "calories": 1
},{
  "_id": 10,
  "name": "strawberries",
  "calories": "0.32"
},{
  "_id": 11,
  "name": "american cheese",
  "calories": "3.37"
},{
  "_id": 12,
  "name": "brown sugar",
  "calories": "3.77"
},{
  "_id": 13,
  "name": "greek yogurt",
  "calories": "1.06"
},{
  "_id": 15,
  "name": "blueberries",
  "calories": "0.57"
},{
  "_id": 16,
  "name": "bananas",
  "calories": "0.89"
},{
  "_id": 17,
  "name": "raspberries",
  "calories": "0.52"
},{
  "_id": 19,
  "name": "chicken thighs",
  "calories": "2.45"
},{
  "_id": 20,
  "name": "pizza crust",
  "calories": "3.31"
},{
  "_id": 21,
  "name": "noodles",
  "calories": "1.37"
},{
  "_id": 22,
  "name": "soy sauce",
  "calories": "0.53"
},{
  "_id": 23,
  "name": "red chilli sauce",
  "calories": "0.20"
},{
  "_id": 24,
  "name": "black olives",
  "calories": "1.05"
},{
  "_id": 25,
  "name": "watermelon",
  "calories": "0.3"
},{
  "_id": 26,
  "name": "muskmelon",
  "calories": "0.34"
},{
  "_id": 27,
  "name": "lemon juice",
  "calories": "0.25"
},{
  "_id": 28,
  "name": "white sugar",
  "calories": "3.87"
},{
  "_id": 29,
  "name": "mint leaves",
  "calories": "0.7"
},{
  "_id": 30,
  "name": "maple syrup",
  "calories": "2.61"
},{
  "_id": 31,
  "name": "hershey's chocolate syrup",
  "calories": "2.36"
},{
  "_id": 32,
  "name": "jalapenos",
  "calories": "0.3"
},{
  "_id": 36,
  "name": "chicken wings",
  "calories": "2.88"
}]