[{
  "_id": {
    "$oid": "644fdf882993fee5773be6fd"
  },
  "rid": 11,
  "id": 8,
  "quantity": 25,
  "units": "grams"
},{
  "_id": {
    "$oid": "644fdf882993fee5773be6fe"
  },
  "rid": 11,
  "id": 3,
  "quantity": 5,
  "units": "millilitre"
},{
  "_id": {
    "$oid": "644fdf882993fee5773be6ff"
  },
  "rid": 11,
  "id": 1,
  "quantity": 2,
  "units": "tsp"
},{
  "_id": {
    "$oid": "644fdf882993fee5773be700"
  },
  "rid": 11,
  "id": 2,
  "quantity": 2,
  "units": "tsp"
},{
  "_id": {
    "$oid": "644fe0ca2993fee5773be701"
  },
  "rid": 12,
  "id": 4,
  "quantity": 50,
  "units": "grams"
},{
  "_id": {
    "$oid": "644fe0ca2993fee5773be702"
  },
  "rid": 12,
  "id": 8,
  "quantity": 30,
  "units": "grams"
},{
  "_id": {
    "$oid": "644fe0ca2993fee5773be703"
  },
  "rid": 12,
  "id": 3,
  "quantity": 15,
  "units": "millilitre"
},{
  "_id": {
    "$oid": "644fe0ca2993fee5773be704"
  },
  "rid": 12,
  "id": 1,
  "quantity": 2,
  "units": "tbsp"
},{
  "_id": {
    "$oid": "644fe1112993fee5773be705"
  },
  "rid": 13,
  "id": 7,
  "quantity": 2,
  "units": "slice"
},{
  "_id": {
    "$oid": "644fe1112993fee5773be706"
  },
  "rid": 13,
  "id": 4,
  "quantity": 5,
  "units": "grams"
},{
  "_id": {
    "$oid": "644fe1112993fee5773be707"
  },
  "rid": 13,
  "id": 5,
  "quantity": 5,
  "units": "grams"
},{
  "_id": {
    "$oid": "644fe1112993fee5773be708"
  },
  "rid": 13,
  "id": 6,
  "quantity": 2,
  "units": "grams"
},{
  "_id": {
    "$oid": "644fe1112993fee5773be709"
  },
  "rid": 13,
  "id": 1,
  "quantity": 1,
  "units": "tsp"
},{
  "_id": {
    "$oid": "645281743b955f42675a11ed"
  },
  "rid": 20,
  "id": 8,
  "quantity": 10,
  "units": "grams"
},{
  "_id": {
    "$oid": "645281743b955f42675a11ee"
  },
  "rid": 20,
  "id": 1,
  "quantity": 1,
  "units": "tsp"
},{
  "_id": {
    "$oid": "645281743b955f42675a11ef"
  },
  "rid": 20,
  "id": 2,
  "quantity": 1,
  "units": "tsp"
},{
  "_id": {
    "$oid": "645281743b955f42675a11f0"
  },
  "rid": 20,
  "id": 24,
  "quantity": 2,
  "units": "grams"
},{
  "_id": {
    "$oid": "645281743b955f42675a11f1"
  },
  "rid": 20,
  "id": 3,
  "quantity": 1,
  "units": "millilitre"
}]