[{
  "_id": 16,
  "date": "2023-05-02",
  "recipeID": 12,
  "tag": "Lunch"
},{
  "_id": 19,
  "date": "2023-05-01",
  "recipeID": 13,
  "tag": "Breakfast"
},{
  "_id": 22,
  "date": "2023-04-30",
  "recipeID": 12,
  "tag": "Lunch"
},{
  "_id": 23,
  "date": "2023-04-30",
  "recipeID": 13,
  "tag": "Dinner"
},{
  "_id": 26,
  "date": "2023-04-27",
  "recipeID": 11,
  "tag": "Snacks"
},{
  "_id": 27,
  "date": "2023-05-03",
  "recipeID": 20,
  "tag": "Breakfast"
},{
  "_id": 28,
  "date": "2023-04-26",
  "recipeID": 20,
  "tag": "Dinner"
},{
  "_id": 29,
  "date": "2023-04-21",
  "recipeID": 20,
  "tag": "Lunch"
}]