[{
  "_id": 11,
  "rname": "Scrambled Eggs",
  "instructions": "Heat the oil in a pan and break the eggs into the pan. Let them cook for 5 minutes. Add salt & pepper. "
},{
  "_id": 12,
  "rname": "Tomato Egg",
  "instructions": "Add tomatoes to olive oil on low heat and cook for 15 minutes. Break eggs into the pot and let it cook for 10 more minutes. Add tablespoon of salt. "
},{
  "_id": 13,
  "rname": "Sandwich",
  "instructions": "Toast bread. Spread cheese on the bread slices. Stuff tomatoes and spinach between the slices. Add a pinch of salt and pepper. \r\n"
},{
  "_id": 20,
  "rname": "Omlette ",
  "instructions": "Heat the oil, break eggs into it. Let it simmer for 5 mins. When the top of the egg is soft and gooey, add the black olives and sprinkle salt and pepper."
}]